,open,high,low,close,volume
2020-03-01,0.22897,0.23607,0.22428,0.22696,125219316.2
2020-03-02,0.22699,0.24149,0.22582,0.23958,138299654.6
2020-03-03,0.23968,0.2397,0.22942,0.23428,130633902.5
2020-03-04,0.23433,0.23839,0.23,0.23453,92570643.5
2020-03-05,0.23449,0.2432,0.23449,0.23909,130944711.9
2020-03-06,0.23907,0.24629,0.23804,0.24477,116563269.6
2020-03-07,0.24475,0.245,0.235,0.23622,95845464.2
2020-03-08,0.23624,0.23624,0.2,0.20385,271417418.6
2020-03-09,0.20387,0.2115,0.19787,0.20952,288610509.4
2020-03-10,0.20946,0.21567,0.19979,0.21185,182259714.8
2020-03-11,0.21181,0.2138,0.199,0.20813,178652631.5
2020-03-12,0.20824,0.20988,0.12798,0.13549,771225355.4
2020-03-13,0.13536,0.16614,0.10129,0.15872,1234550066.8
2020-03-14,0.15875,0.161,0.14351,0.14588,317354167.4
2020-03-15,0.1459,0.16422,0.14449,0.15308,292888161.2
2020-03-16,0.15306,0.15338,0.12815,0.14102,534401535.9
2020-03-17,0.1411,0.1519,0.13962,0.14694,317550005.4
2020-03-18,0.14691,0.14938,0.14001,0.1476,233087384.9
2020-03-19,0.14749,0.17257,0.14428,0.1646,357277613.5
2020-03-20,0.16458,0.175,0.14504,0.15695,511513197.8
2020-03-21,0.15705,0.16196,0.15156,0.15797,270014080.0
2020-03-22,0.15798,0.16178,0.14611,0.14776,221088260.9
2020-03-23,0.14774,0.16163,0.14472,0.15854,282036084.3
2020-03-24,0.15853,0.16387,0.15689,0.16225,250519379.8
2020-03-25,0.16229,0.16524,0.15667,0.16168,200584719.2
2020-03-26,0.1617,0.17742,0.15984,0.17593,206023274.9
2020-03-27,0.17591,0.18724,0.16936,0.17269,316147728.4
2020-03-28,0.17271,0.17984,0.16637,0.17543,308477933.9
2020-03-29,0.1754,0.1767,0.16184,0.16278,187119450.1
2020-03-30,0.16279,0.17546,0.16242,0.17112,181804091.3
2020-03-31,0.17109,0.17789,0.17044,0.17353,158613778.6
2020-04-01,0.17359,0.1763,0.16783,0.17494,184017110.9
2020-04-02,0.17497,0.1865,0.17384,0.17828,223398206.0
2020-04-03,0.17828,0.18277,0.17568,0.17957,170663444.5
2020-04-04,0.17956,0.18365,0.1777,0.18114,117148787.3
2020-04-05,0.18114,0.18206,0.17627,0.17925,83641306.3
2020-04-06,0.17927,0.19834,0.17917,0.19803,225433233.4
2020-04-07,0.198,0.20519,0.18986,0.19285,271460619.0
2020-04-08,0.19283,0.20294,0.19155,0.20192,154841655.0
2020-04-09,0.20192,0.20231,0.1938,0.19829,104421253.8
2020-04-10,0.19826,0.19872,0.18119,0.18758,160752187.0
2020-04-11,0.1876,0.19213,0.185,0.1885,100598265.9
2020-04-12,0.18848,0.19567,0.18616,0.18939,129786730.4
2020-04-13,0.18932,0.18947,0.18011,0.18763,158956441.4
2020-04-14,0.18764,0.18931,0.18313,0.18613,93684121.1
2020-04-15,0.18605,0.18973,0.18,0.1805,121466630.1
2020-04-16,0.1805,0.19399,0.174,0.19053,220290862.9
2020-04-17,0.1905,0.19185,0.18618,0.18863,91976842.0
2020-04-18,0.18863,0.19715,0.18838,0.19544,113765553.3
2020-04-19,0.19539,0.19638,0.18772,0.18901,89989794.3
2020-04-20,0.18892,0.19453,0.17821,0.18151,174028243.0
2020-04-21,0.18147,0.18637,0.18109,0.18341,111773322.9
2020-04-22,0.18342,0.18964,0.18202,0.18804,93916879.3
2020-04-23,0.18803,0.19951,0.18558,0.1926,179113808.3
2020-04-24,0.19261,0.19695,0.19197,0.19325,113830925.1
2020-04-25,0.19327,0.19776,0.1916,0.19418,78779257.1
2020-04-26,0.19414,0.19775,0.19133,0.19618,93225699.4
2020-04-27,0.1962,0.19979,0.19407,0.19747,104536714.3
2020-04-28,0.1975,0.21806,0.19459,0.21416,244843302.1
2020-04-29,0.21415,0.23075,0.20981,0.22648,292096742.3
2020-04-30,0.22644,0.2359,0.20816,0.21135,314088335.1
2020-05-01,0.21135,0.22418,0.21117,0.21786,160339801.0
2020-05-02,0.21785,0.22575,0.21534,0.22369,119932182.7
2020-05-03,0.22377,0.22667,0.2154,0.21936,111226961.6
2020-05-04,0.21936,0.22057,0.20713,0.21776,166756745.3
2020-05-05,0.21777,0.22213,0.21316,0.21688,106925948.7
2020-05-06,0.21688,0.2224,0.21029,0.21158,131362572.4
2020-05-07,0.21172,0.2211,0.20934,0.21862,175859218.0
2020-05-08,0.2186,0.22199,0.21423,0.21865,133922204.4
2020-05-09,0.21865,0.225,0.21554,0.21642,159019230.1
2020-05-10,0.21642,0.21651,0.178,0.19702,310627388.1
2020-05-11,0.19708,0.20031,0.184,0.19254,188926069.2
2020-05-12,0.19254,0.2001,0.19128,0.19711,120759033.7
2020-05-13,0.1971,0.20429,0.19564,0.20177,95212470.1
2020-05-14,0.20176,0.20636,0.19838,0.20386,123608208.0
2020-05-15,0.20379,0.20467,0.19505,0.19818,142260472.9
2020-05-16,0.19818,0.2025,0.19664,0.19969,94327453.0
2020-05-17,0.19969,0.20465,0.19889,0.20131,85924995.0
2020-05-18,0.20132,0.20805,0.2007,0.20543,129797461.7
2020-05-19,0.20537,0.20668,0.20087,0.20496,99600289.0
2020-05-20,0.20486,0.20624,0.1975,0.20179,106603358.1
2020-05-21,0.20178,0.20305,0.18928,0.19434,119870681.6
2020-05-22,0.19434,0.2025,0.19212,0.20034,134747810.6
2020-05-23,0.20032,0.20216,0.19793,0.19883,88342183.6
2020-05-24,0.19883,0.20122,0.19222,0.19256,88708243.7
2020-05-25,0.19263,0.19719,0.18972,0.19622,96947010.8
2020-05-26,0.19622,0.19695,0.19139,0.19372,91454592.2
2020-05-27,0.19371,0.20048,0.19355,0.19791,99410860.4
2020-05-28,0.19792,0.20095,0.19502,0.20052,110627844.2
2020-05-29,0.20052,0.20292,0.19622,0.19759,98632638.4
2020-05-30,0.19762,0.208,0.19596,0.20701,155426836.0
2020-05-31,0.207,0.21356,0.20026,0.20245,180118253.6
2020-06-01,0.20241,0.21268,0.20112,0.211,157851522.0
2020-06-02,0.21093,0.2147,0.1961,0.20301,203819088.3
2020-06-03,0.20294,0.20487,0.2008,0.2041,102410983.8
2020-06-04,0.20413,0.20724,0.19957,0.20427,126378226.8
2020-06-05,0.20432,0.20585,0.20129,0.20274,98700901.5
2020-06-06,0.20274,0.20484,0.20125,0.20361,79279154.8
2020-06-07,0.2036,0.20496,0.19839,0.20329,93329744.2
2020-06-08,0.20327,0.20444,0.20116,0.20403,63036054.2
2020-06-09,0.20406,0.20528,0.2,0.20127,81665800.9
2020-06-10,0.20135,0.20388,0.1985,0.20266,75706855.2
2020-06-11,0.20266,0.2036,0.1846,0.18817,132263967.7
2020-06-12,0.18823,0.19505,0.1869,0.19307,75546910.5
2020-06-13,0.19308,0.19379,0.19076,0.19234,63292600.9
2020-06-14,0.19238,0.19249,0.1887,0.19022,58429094.7
2020-06-15,0.19022,0.19344,0.18202,0.19238,130419971.5
2020-06-16,0.19238,0.19404,0.19007,0.19238,76442039.8
2020-06-17,0.19236,0.19895,0.18846,0.19315,143789678.4
2020-06-18,0.19315,0.19325,0.18802,0.18975,83020048.8
2020-06-19,0.18975,0.19036,0.18658,0.18722,101395871.0
2020-06-20,0.18724,0.18897,0.18488,0.18792,65244804.2
2020-06-21,0.18793,0.18848,0.18565,0.18602,66591992.6
2020-06-22,0.18602,0.19051,0.18569,0.18928,121678902.8
2020-06-23,0.18933,0.19042,0.18831,0.18889,80442337.3
2020-06-24,0.18889,0.19016,0.1799,0.18348,99814387.3
2020-06-25,0.18344,0.18414,0.17849,0.18156,83471401.8
2020-06-26,0.18156,0.18694,0.17848,0.18249,134171894.1
2020-06-27,0.18247,0.1835,0.169,0.17509,100119859.4
2020-06-28,0.1751,0.17983,0.17337,0.17693,79916984.6
2020-06-29,0.17694,0.17939,0.17487,0.17726,108091794.8
2020-06-30,0.17737,0.17775,0.17487,0.17533,63769127.0
2020-07-01,0.17533,0.17814,0.17373,0.17647,96697381.8
2020-07-02,0.17645,0.1777,0.172,0.17477,109348977.7
2020-07-03,0.17476,0.17865,0.1743,0.1762,93559429.8
2020-07-04,0.17618,0.17964,0.17593,0.17808,101070772.2
2020-07-05,0.1781,0.1788,0.17372,0.17695,109028272.5
2020-07-06,0.17691,0.18934,0.17644,0.18875,180480180.6
2020-07-07,0.18876,0.18969,0.18312,0.18508,119136986.1
2020-07-08,0.18508,0.20669,0.18382,0.20551,340558574.1
2020-07-09,0.20544,0.21186,0.19667,0.20263,366287583.8
2020-07-10,0.20263,0.20272,0.19252,0.19909,212898090.1
2020-07-11,0.19906,0.20482,0.19792,0.2011,171252017.6
2020-07-12,0.20112,0.20401,0.19758,0.20128,123496702.1
2020-07-13,0.20122,0.2066,0.191,0.19867,210692216.4
2020-07-14,0.19866,0.19978,0.195,0.19909,126120726.2
2020-07-15,0.19908,0.1999,0.19635,0.19721,97567941.8
2020-07-16,0.19722,0.19756,0.18822,0.19444,154403446.1
2020-07-17,0.19447,0.19824,0.19125,0.1944,119390267.7
2020-07-18,0.19441,0.20203,0.19392,0.1999,125668578.9
2020-07-19,0.19989,0.20205,0.19574,0.19956,117946275.3
2020-07-20,0.19961,0.20019,0.19194,0.19465,114187102.0
2020-07-21,0.19465,0.201,0.19386,0.19949,116436628.1
2020-07-22,0.19946,0.20441,0.196,0.20348,127274412.3
2020-07-23,0.20351,0.21584,0.20142,0.20851,231892970.4
2020-07-24,0.20847,0.20855,0.20189,0.20392,162043579.9
2020-07-25,0.20393,0.21756,0.2035,0.21463,237958032.7
2020-07-26,0.21462,0.22499,0.21255,0.21532,277074358.0
2020-07-27,0.21528,0.23,0.20861,0.22437,358365289.2
2020-07-28,0.22445,0.23476,0.217,0.23029,348097855.6
2020-07-29,0.23031,0.25,0.22919,0.24327,423604274.8
2020-07-30,0.24323,0.24954,0.233,0.24408,339560922.2
2020-07-31,0.24407,0.26042,0.24158,0.25939,295712939.1
2020-08-01,0.25938,0.29739,0.25557,0.29089,698526256.7
2020-08-02,0.29089,0.32628,0.2476,0.28803,1089709098.7
2020-08-03,0.28809,0.31999,0.28357,0.31016,661998402.4
2020-08-04,0.31008,0.31926,0.29038,0.30138,523509311.0
2020-08-05,0.30137,0.30813,0.2908,0.30228,377922454.8
2020-08-06,0.30233,0.31126,0.29722,0.30311,315511639.9
2020-08-07,0.30309,0.31037,0.27936,0.29437,350058017.3
2020-08-08,0.29444,0.2987,0.2898,0.29527,180632239.2
2020-08-09,0.29532,0.29839,0.28215,0.2879,194741043.2
2020-08-10,0.28792,0.30008,0.28301,0.29469,357730182.0
2020-08-11,0.29468,0.30736,0.26727,0.2831,454328410.0
2020-08-12,0.28308,0.28737,0.27139,0.28233,301659248.8
2020-08-13,0.28233,0.29561,0.27243,0.2942,343559052.2
2020-08-14,0.2942,0.3073,0.28918,0.29995,419013955.8
2020-08-15,0.29995,0.30537,0.2907,0.29884,323612283.2
2020-08-16,0.2989,0.3048,0.29186,0.30455,272817352.5
2020-08-17,0.3046,0.32689,0.29702,0.31539,598471473.5
2020-08-18,0.31535,0.32156,0.29614,0.30251,406775389.7
2020-08-19,0.3025,0.30616,0.27809,0.28975,390658603.2
2020-08-20,0.28969,0.29465,0.28431,0.29218,217335773.0
2020-08-21,0.29217,0.29585,0.27671,0.27933,295142831.1
2020-08-22,0.27935,0.28663,0.2733,0.28592,200686126.8
2020-08-23,0.28589,0.28808,0.27698,0.2848,147758018.4
2020-08-24,0.2848,0.292,0.28224,0.2884,163849857.2
2020-08-25,0.2884,0.28959,0.27,0.27625,234190707.5
2020-08-26,0.27628,0.28078,0.2739,0.27653,153029000.5
2020-08-27,0.27645,0.27833,0.25453,0.26469,271350415.9
2020-08-28,0.26478,0.2732,0.26,0.27174,161315866.7
2020-08-29,0.27166,0.27685,0.26865,0.2738,120917456.4
2020-08-30,0.27375,0.28389,0.27375,0.28302,157541548.0
2020-08-31,0.28302,0.2845,0.27804,0.28115,164541572.9
2020-09-01,0.28115,0.29884,0.27574,0.29521,292160051.6
2020-09-02,0.29515,0.304,0.2622,0.27595,367857288.9
2020-09-03,0.27594,0.2765,0.238,0.24409,375303316.2
2020-09-04,0.24404,0.26582,0.24012,0.25385,347276927.6
2020-09-05,0.25385,0.25951,0.231,0.23738,343014820.3
2020-09-06,0.23737,0.24358,0.22937,0.23986,245971020.2
2020-09-07,0.23987,0.24292,0.22962,0.24198,217149074.3
2020-09-08,0.24202,0.24365,0.2312,0.23657,185386436.1
2020-09-09,0.23658,0.24278,0.23303,0.23901,120931648.7
2020-09-10,0.239,0.24871,0.23878,0.24302,150794017.7
2020-09-11,0.24302,0.2444,0.23683,0.24252,102995486.8
2020-09-12,0.24252,0.24879,0.24019,0.24752,90026751.2
2020-09-13,0.24749,0.2535,0.23757,0.24218,134508183.7
2020-09-14,0.24214,0.2484,0.23901,0.24564,128679809.9
2020-09-15,0.24562,0.2494,0.24225,0.24331,123397806.3
2020-09-16,0.24331,0.25117,0.2341,0.24686,155437121.5
2020-09-17,0.24682,0.2586,0.24601,0.25214,195903905.1
2020-09-18,0.25208,0.25522,0.2463,0.25065,123918267.6
2020-09-19,0.25065,0.25497,0.24733,0.25112,94380999.1
2020-09-20,0.25112,0.25125,0.2423,0.24652,100830684.4
2020-09-21,0.24657,0.24809,0.22915,0.23102,232559544.3
2020-09-22,0.23104,0.23459,0.22916,0.23302,113084575.2
2020-09-23,0.23301,0.2352,0.22017,0.22164,148246113.4
2020-09-24,0.22164,0.23401,0.21944,0.23276,173682650.7
2020-09-25,0.23277,0.24477,0.2295,0.24154,146717481.1
2020-09-26,0.24154,0.24568,0.23764,0.24153,113365429.6
2020-09-27,0.24147,0.24474,0.23729,0.24334,91772023.9
2020-09-28,0.24329,0.24851,0.23979,0.24107,121590934.4
2020-09-29,0.2411,0.24662,0.2383,0.24285,109204653.3
2020-09-30,0.24286,0.24289,0.2375,0.24171,101266167.8
2020-10-01,0.24172,0.24452,0.23372,0.23819,127335773.7
2020-10-02,0.23813,0.23937,0.22829,0.23386,146884020.3
2020-10-03,0.23387,0.23499,0.23254,0.23273,59902666.5
2020-10-04,0.23274,0.25024,0.23159,0.24794,157014929.5
2020-10-05,0.24794,0.25442,0.24628,0.2503,228844024.4
2020-10-06,0.25034,0.25932,0.24021,0.24545,378003616.4
2020-10-07,0.24549,0.25141,0.24077,0.2487,177097434.2
2020-10-08,0.24871,0.25297,0.24206,0.25141,197900153.1
2020-10-09,0.25141,0.25665,0.24935,0.25293,192476557.6
2020-10-10,0.25293,0.26071,0.25265,0.25402,165954957.2
2020-10-11,0.25401,0.25842,0.25321,0.25544,129208149.4
2020-10-12,0.25545,0.25826,0.24732,0.25603,225658413.6
2020-10-13,0.25602,0.25997,0.25267,0.2565,232496747.4
2020-10-14,0.25658,0.2584,0.24593,0.24906,200090976.7
2020-10-15,0.24906,0.25014,0.24287,0.24596,157801611.0
2020-10-16,0.24584,0.24787,0.2375,0.24011,149640393.0
2020-10-17,0.24014,0.24329,0.23853,0.24057,76204228.7
2020-10-18,0.24059,0.24362,0.24005,0.24221,59622713.2
2020-10-19,0.2422,0.24945,0.24011,0.24558,144261234.7
2020-10-20,0.24557,0.25039,0.2411,0.24322,142586108.2
2020-10-21,0.24324,0.25555,0.24249,0.25088,213403919.3
2020-10-22,0.2508,0.26357,0.25077,0.25709,262479836.1
2020-10-23,0.25703,0.25921,0.25005,0.25471,145732428.5
2020-10-24,0.25472,0.25763,0.25253,0.2562,71861131.8
2020-10-25,0.2562,0.25714,0.25105,0.25313,70096933.8
2020-10-26,0.25313,0.2591,0.24341,0.2481,153008505.9
2020-10-27,0.24811,0.25398,0.24743,0.25273,125197583.4
2020-10-28,0.25273,0.25666,0.2444,0.2454,152758067.2
2020-10-29,0.2454,0.24702,0.2396,0.24239,127858202.6
2020-10-30,0.24232,0.24402,0.23057,0.23905,133423159.8
2020-10-31,0.23906,0.24351,0.23743,0.23968,84576060.9
2020-11-01,0.2396,0.24138,0.23648,0.23999,64775047.6
2020-11-02,0.23999,0.2452,0.23264,0.23523,130300920.1
2020-11-03,0.23526,0.24425,0.22772,0.2396,213624345.8
2020-11-04,0.2396,0.24045,0.23213,0.23758,175258053.1
2020-11-05,0.23759,0.24743,0.23712,0.24561,220616913.3
2020-11-06,0.24569,0.2614,0.24508,0.25863,289253502.7
2020-11-07,0.2586,0.26733,0.24419,0.2491,263707018.0
2020-11-08,0.24913,0.25701,0.24724,0.25374,119757768.6
2020-11-09,0.25368,0.2562,0.24557,0.25059,161129039.0
2020-11-10,0.25058,0.265,0.24806,0.2538,250018160.4
2020-11-11,0.25379,0.26,0.25209,0.25581,155421758.6
2020-11-12,0.25581,0.25818,0.2525,0.2549,139776053.7
2020-11-13,0.2549,0.2659,0.2535,0.2659,193021203.1
2020-11-14,0.26587,0.2777,0.26128,0.26824,319194414.6
2020-11-15,0.26829,0.27677,0.26405,0.26954,224828544.8
2020-11-16,0.26957,0.28998,0.26737,0.28813,321242912.3
2020-11-17,0.28814,0.305,0.28722,0.30247,529073040.7
2020-11-18,0.30247,0.30818,0.28055,0.29335,488657752.7
2020-11-19,0.29333,0.30659,0.284,0.30358,361076482.2
2020-11-20,0.30356,0.33091,0.29679,0.32991,484828433.3
2020-11-21,0.32993,0.4695,0.32929,0.46283,1667089858.1
2020-11-22,0.46283,0.49659,0.40155,0.44611,1873986909.8
2020-11-23,0.44592,0.61984,0.43232,0.61579,1851054399.6
2020-11-24,0.61562,0.78068,0.56777,0.694,2884741162.1
2020-11-25,0.69399,0.725,0.58405,0.63022,1690578550.2
2020-11-26,0.63024,0.652,0.456,0.53654,2334291327.2
2020-11-27,0.53649,0.58669,0.50345,0.5623,1241200699.6
2020-11-28,0.5625,0.64888,0.5387,0.62579,1276241318.5
2020-11-29,0.62573,0.637,0.58285,0.60543,857628664.8
2020-11-30,0.60543,0.6791,0.59881,0.66417,1178919882.3
2020-12-01,0.66378,0.681,0.56401,0.61088,1075049125.0
2020-12-02,0.6113,0.6368,0.59455,0.62972,593876086.8
2020-12-03,0.62969,0.6418,0.6149,0.63046,392655662.9
2020-12-04,0.63046,0.6342,0.54253,0.55367,662141348.0
2020-12-05,0.55355,0.59628,0.54833,0.58517,432888774.1
2020-12-06,0.58516,0.62801,0.57907,0.62107,639023167.7
2020-12-07,0.62096,0.624,0.59084,0.60818,386644252.1
2020-12-08,0.60822,0.61048,0.55,0.5589,500942717.0
2020-12-09,0.55897,0.60544,0.50383,0.58265,927273510.3
2020-12-10,0.58284,0.58848,0.55318,0.57267,558676539.1
2020-12-11,0.57267,0.58697,0.52594,0.54945,952325951.7
2020-12-12,0.54847,0.55102,0.48521,0.50658,997933196.6
2020-12-13,0.50658,0.5278,0.4855,0.51365,602985171.9
2020-12-14,0.51366,0.51852,0.48901,0.4974,375701995.0
2020-12-15,0.49737,0.50715,0.46433,0.46793,514053464.1
2020-12-16,0.46793,0.57477,0.43722,0.56941,1249912571.2
2020-12-17,0.56938,0.65852,0.5358,0.5769,1801379927.6
2020-12-18,0.57685,0.61346,0.55101,0.58337,970255895.5
2020-12-19,0.58335,0.60377,0.56588,0.57666,614731783.6
2020-12-20,0.57692,0.58658,0.5287,0.55586,544352722.1
2020-12-21,0.55576,0.56935,0.49825,0.51445,593235772.1
2020-12-22,0.51469,0.52213,0.40215,0.44642,1509931701.2
2020-12-23,0.44636,0.44842,0.21164,0.2605,4553848887.4
2020-12-24,0.2605,0.3778,0.24003,0.33863,3822010234.7
2020-12-25,0.33865,0.3855,0.2797,0.31768,3342216004.0
2020-12-26,0.3179,0.32723,0.28303,0.29481,1685723998.7
2020-12-27,0.29484,0.312,0.266,0.28407,1453625832.0
2020-12-28,0.28401,0.31,0.2341,0.24845,1547274302.2
2020-12-29,0.24832,0.25167,0.17351,0.22142,4215576309.2
2020-12-30,0.22142,0.23665,0.19186,0.21138,2578637039.1
2020-12-31,0.21133,0.22949,0.20521,0.21959,1391876889.9
2021-01-01,0.21953,0.25,0.216,0.23746,1490489727.4
2021-01-02,0.2374,0.23823,0.21084,0.22064,1134029208.3
2021-01-03,0.22064,0.23852,0.215,0.2254,1178158964.4
2021-01-04,0.2254,0.26091,0.218,0.23565,1518296110.4
2021-01-05,0.23568,0.24269,0.21774,0.22573,1184439077.1
2021-01-06,0.22577,0.2745,0.22139,0.24854,1776262975.4
2021-01-07,0.24856,0.37,0.2453,0.32389,3863585524.3
2021-01-08,0.32389,0.3467,0.28487,0.32032,2029015562.5
2021-01-09,0.32049,0.3395,0.30523,0.32419,1177910308.9
2021-01-10,0.32419,0.368,0.28708,0.31491,1717325406.4
2021-01-11,0.31487,0.31627,0.25343,0.28743,1978427132.4
2021-01-12,0.28742,0.31003,0.27743,0.29254,1100343591.0
2021-01-13,0.29241,0.31,0.2848,0.30582,764981853.9
2021-01-14,0.3057,0.309,0.28334,0.29642,887903603.5
2021-01-15,0.29648,0.30337,0.261,0.27991,844991903.5
2021-01-16,0.27987,0.29666,0.27503,0.27924,749907244.4
2021-01-17,0.2792,0.28572,0.26846,0.27746,543053977.8
2021-01-18,0.27741,0.28875,0.27144,0.28528,536544377.1
2021-01-19,0.28529,0.33,0.28396,0.29396,1267033309.6
2021-01-20,0.29395,0.31184,0.28,0.29539,850365454.5
2021-01-21,0.29553,0.30797,0.25992,0.26802,921433965.4
2021-01-22,0.26786,0.27826,0.24021,0.27217,799861140.3
2021-01-23,0.27216,0.28356,0.26545,0.27167,446546595.4
2021-01-24,0.27169,0.27798,0.26804,0.27339,353391385.9
2021-01-25,0.27335,0.285,0.26679,0.26757,483145818.4
2021-01-26,0.26751,0.27095,0.258,0.26834,383692292.1
2021-01-27,0.26837,0.26871,0.24388,0.25039,468085255.1
2021-01-28,0.25058,0.27,0.24699,0.26407,496218434.0
2021-01-29,0.26413,0.31724,0.25915,0.2829,1695844598.8
2021-01-30,0.2829,0.5178,0.278,0.44372,5872830448.0
2021-01-31,0.44369,0.51,0.385,0.49507,4524657686.8
2021-02-01,0.49516,0.755,0.35928,0.37106,8608358082.6
2021-02-02,0.37123,0.41123,0.3401,0.37254,2091912007.8
2021-02-03,0.37254,0.419,0.37254,0.39721,1388316884.0
2021-02-04,0.39721,0.48159,0.37885,0.44545,2283530912.6
2021-02-05,0.44535,0.47222,0.4241,0.45219,1545115910.3
2021-02-06,0.45195,0.45688,0.42,0.44307,875771045.9
2021-02-07,0.44307,0.45089,0.39123,0.41849,1141620049.1
2021-02-08,0.41848,0.4692,0.4125,0.45099,1149266957.3
2021-02-09,0.45098,0.49,0.44901,0.47636,1273716203.3
2021-02-10,0.47637,0.54224,0.45,0.50429,2024774430.6
2021-02-11,0.50422,0.53545,0.49982,0.52806,961402272.2
2021-02-12,0.52824,0.61922,0.51871,0.609,1672053608.3
2021-02-13,0.609,0.64244,0.54306,0.63309,1595483419.3
2021-02-14,0.63309,0.63981,0.56111,0.59211,1010016902.3
2021-02-15,0.59217,0.6043,0.50891,0.54976,1222510382.9
2021-02-16,0.54987,0.58005,0.48111,0.51995,1153641290.1
2021-02-17,0.5198,0.55751,0.49336,0.53467,908599648.5
2021-02-18,0.5346,0.55995,0.51901,0.53204,761631484.1
2021-02-19,0.53217,0.58195,0.5131,0.56465,1130348604.3
2021-02-20,0.56478,0.58235,0.47231,0.51167,1247480282.2
2021-02-21,0.5115,0.55858,0.50311,0.54468,1017475385.1
2021-02-22,0.54468,0.65155,0.51,0.56646,3572076523.4
2021-02-23,0.56637,0.57172,0.365,0.47579,2563543339.6
2021-02-24,0.4758,0.49999,0.4512,0.4686,984714285.4
2021-02-25,0.46864,0.48233,0.4244,0.43601,709823716.2
2021-02-26,0.43599,0.45067,0.41111,0.42788,908467259.5
2021-02-27,0.42794,0.45945,0.42681,0.43589,612147484.8
2021-02-28,0.43586,0.43876,0.39268,0.41565,674797992.8
2021-03-01,0.4157,0.454,0.41207,0.44537,600649056.6
2021-03-02,0.44537,0.45532,0.42159,0.4357,645438020.0
2021-03-03,0.43572,0.46869,0.43011,0.44846,642007609.0
2021-03-04,0.44841,0.49449,0.43411,0.48096,1244989352.0
2021-03-05,0.4812,0.48488,0.44575,0.45457,751282004.7
2021-03-06,0.45441,0.4765,0.44901,0.46285,365972027.5
2021-03-07,0.46292,0.4689,0.45641,0.46558,325973214.9
2021-03-08,0.46579,0.48987,0.45505,0.47412,680852595.9
2021-03-09,0.47413,0.48736,0.471,0.4849,495494329.0
2021-03-10,0.48481,0.4887,0.4545,0.46155,597205849.7
2021-03-11,0.4617,0.46427,0.44058,0.45187,535040848.2
2021-03-12,0.45187,0.46488,0.42205,0.43934,665250842.7
2021-03-13,0.43934,0.46646,0.43205,0.45787,547809975.2
2021-03-14,0.45786,0.46155,0.43857,0.43905,415693265.6
2021-03-15,0.439,0.44815,0.42268,0.43574,531041051.9
2021-03-16,0.43566,0.52221,0.42723,0.46024,1446818353.8
2021-03-17,0.46037,0.48245,0.45317,0.4698,564997453.7
2021-03-18,0.46993,0.4905,0.46558,0.46893,555296456.6
2021-03-19,0.46899,0.47536,0.45848,0.46651,336947303.5
2021-03-20,0.4665,0.54999,0.46424,0.52613,1164006494.7
2021-03-21,0.52584,0.54691,0.49508,0.51651,879573341.3
2021-03-22,0.51661,0.6,0.50082,0.5441,1648699048.0
2021-03-23,0.54403,0.59638,0.5378,0.5498,1094151403.3
2021-03-24,0.54945,0.56302,0.45212,0.48021,894167588.1
2021-03-25,0.48022,0.5248,0.454,0.51058,914285330.6
2021-03-26,0.51034,0.57689,0.50999,0.56357,737749968.5
2021-03-27,0.56348,0.57464,0.5342,0.54752,455498717.7
2021-03-28,0.54735,0.56075,0.53879,0.54552,341522011.5
2021-03-29,0.5455,0.57082,0.54317,0.56538,534252547.3
2021-03-30,0.56528,0.588,0.55903,0.5621,574769642.5
2021-03-31,0.56207,0.57682,0.52624,0.56982,666984204.3
2021-04-01,0.5698,0.59555,0.54864,0.57087,710919375.0
2021-04-02,0.57061,0.61,0.56522,0.60701,800475396.4
2021-04-03,0.60701,0.64262,0.573,0.57831,991064844.8
2021-04-04,0.57836,0.63599,0.56591,0.635,664457346.2
2021-04-05,0.63501,0.93999,0.6194,0.91584,3325470561.47
2021-04-06,0.91584,1.119,0.7931,1.09663,4053245753.09
2021-04-07,1.09666,1.10882,0.856,0.91542,2128341583.9
2021-04-08,0.91544,1.07294,0.90128,1.05599,1232242484.4
2021-04-09,1.05571,1.0849,0.9808,1.01721,964539570.1
2021-04-10,1.01754,1.399,1.00617,1.3728,2713439019.68
2021-04-11,1.37215,1.5,1.305,1.35118,1972667902.4
2021-04-12,1.35118,1.475,1.31804,1.46843,1129501823.8
2021-04-13,1.4685,1.88888,1.41778,1.79611,2515240116.42
2021-04-14,1.79607,1.96689,1.56001,1.83468,2119704174.5
2021-04-15,1.83396,1.885,1.65243,1.75781,1124377879.6
2021-04-16,1.75781,1.81041,1.42,1.54805,1805450664.8
2021-04-17,1.54805,1.74163,1.52991,1.53896,1108826379.5
2021-04-18,1.53988,1.56505,1.16,1.40797,2048345301.6
2021-04-19,1.40797,1.5339,1.251,1.30945,1608073829.4
2021-04-20,1.30941,1.44796,1.18,1.38501,1522196293.5
2021-04-21,1.385,1.4645,1.27545,1.29097,1301403506.4
2021-04-22,1.2911,1.41947,1.0859,1.15489,1771540957.6
2021-04-23,1.15489,1.19724,0.88601,1.17073,2651341963.5
2021-04-24,1.17019,1.172,1.01753,1.04833,1120813592.2
2021-04-25,1.04971,1.156,0.9418,1.0351,1026066203.52
2021-04-26,1.0353,1.375,1.0133,1.3629,1871916062.93
2021-04-27,1.3629,1.462,1.3284,1.4017,1510880106.82
2021-04-28,1.4017,1.4492,1.2814,1.3576,1092879174.17
2021-04-29,1.3576,1.42,1.3263,1.3978,824625421.08
2021-04-30,1.3978,1.6397,1.3745,1.5988,1429394131.02
2021-05-01,1.5989,1.6666,1.5226,1.651,701328204.71
2021-05-02,1.651,1.658,1.525,1.5605,602425194.39
2021-05-03,1.5605,1.6216,1.47,1.5546,670988111.68
2021-05-04,1.5546,1.558,1.32,1.3877,1375223308.72
2021-05-05,1.3878,1.624,1.366,1.6133,1261641294.96
2021-05-06,1.6137,1.7658,1.521,1.6028,1507415092.61
2021-05-07,1.6028,1.695,1.505,1.5793,894697893.67
2021-05-08,1.5795,1.6277,1.5404,1.5611,514586255.38
2021-05-09,1.5611,1.5968,1.4249,1.5345,726954201.32
2021-05-10,1.5343,1.627,1.214,1.3906,1154086820.05
2021-05-11,1.391,1.4905,1.3555,1.4786,724101053.89
2021-05-12,1.4788,1.547,1.235,1.2691,1028881609.0
2021-05-13,1.269,1.389,1.2,1.364,1308704814.37
2021-05-14,1.3644,1.4488,1.321,1.4,772801586.76
2021-05-15,1.3998,1.5869,1.3211,1.4904,1495464769.52
2021-05-16,1.4911,1.6131,1.3373,1.4496,1498147985.65
2021-05-17,1.4496,1.565,1.3242,1.4946,1560737399.7
2021-05-18,1.4952,1.705,1.4698,1.5889,1813933407.63
2021-05-19,1.5893,1.6448,0.85,1.0568,3180237280.29
2021-05-20,1.0565,1.2664,0.9,1.1795,1974341688.46
2021-05-21,1.1802,1.2194,0.8641,1.0062,1813489499.17
2021-05-22,1.0062,1.0162,0.816,0.9052,1478148766.91
2021-05-23,0.9052,0.9679,0.65,0.7898,1976494217.2
2021-05-24,0.7899,0.997,0.7537,0.993,1613054853.94
2021-05-25,0.9934,1.07,0.8791,0.9746,1654728049.91
2021-05-26,0.9747,1.0698,0.9461,1.0316,1160288119.63
2021-05-27,1.0316,1.0423,0.9322,0.9747,997129594.42
2021-05-28,0.9747,0.9847,0.8445,0.8985,1220369622.06
2021-05-29,0.8985,0.9413,0.7911,0.8318,980984330.42
2021-05-30,0.8319,0.9337,0.7974,0.9058,837581783.3
2021-05-31,0.9058,1.0495,0.8789,1.0409,1221688769.45
2021-06-01,1.0409,1.1,0.9742,1.0108,1130390772.85
2021-06-02,1.0108,1.0498,0.9793,1.0241,673790276.52
2021-06-03,1.0241,1.0789,1.0069,1.045,701176435.11
2021-06-04,1.0453,1.0466,0.9156,0.9683,814525376.26
2021-06-05,0.9683,0.9973,0.8921,0.923,621966894.8
2021-06-06,0.923,0.9493,0.917,0.947,395443235.74
2021-06-07,0.9469,0.976,0.838,0.8618,673906993.46
2021-06-08,0.8619,0.8861,0.7838,0.8731,989287175.65
2021-06-09,0.873,0.9218,0.83,0.9218,798994471.7
2021-06-10,0.9218,0.9298,0.8522,0.8686,592646634.43
2021-06-11,0.8686,0.88,0.8335,0.8471,384826199.07
2021-06-12,0.8469,0.8479,0.8054,0.8326,375425465.13
2021-06-13,0.8325,0.8883,0.817,0.8832,344882480.06
2021-06-14,0.8833,0.93,0.8628,0.8906,441724628.58
2021-06-15,0.8905,0.9017,0.8551,0.8663,367733719.97
2021-06-16,0.8663,0.8733,0.8259,0.832,380134518.73
2021-06-17,0.8319,0.8612,0.8234,0.8419,315642616.21
2021-06-18,0.8419,0.845,0.7687,0.7972,389494745.89
2021-06-19,0.7971,0.8055,0.7557,0.7582,317290687.13
2021-06-20,0.7583,0.785,0.6968,0.7741,589364804.52
2021-06-21,0.7741,0.7803,0.6037,0.6067,1073284195.87
2021-06-22,0.6068,0.65,0.509,0.5468,1611548012.73
2021-06-23,0.5468,0.6655,0.5203,0.6383,1167774271.66
2021-06-24,0.6383,0.6928,0.6163,0.6731,633338243.16
2021-06-25,0.6731,0.6889,0.6019,0.6111,795450033.45
2021-06-26,0.611,0.6329,0.5814,0.6162,548990505.59
2021-06-27,0.6163,0.6523,0.5963,0.6484,472483880.77
2021-06-28,0.6483,0.6583,0.6238,0.6444,460033268.3
2021-06-29,0.6444,0.734,0.6417,0.7063,718445315.27
2021-06-30,0.7062,0.7145,0.6477,0.7063,634287485.15
2021-07-01,0.7062,0.7064,0.644,0.6591,463328799.28
2021-07-02,0.6592,0.6676,0.6329,0.6556,387562387.59
2021-07-03,0.6557,0.6849,0.6433,0.6732,329367273.74
2021-07-04,0.6733,0.7091,0.6655,0.696,334071078.78
2021-07-05,0.696,0.697,0.6444,0.6526,407839477.88
2021-07-06,0.6526,0.68,0.6511,0.6648,356111895.89
2021-07-07,0.6648,0.674,0.65,0.6522,284356433.42
2021-07-08,0.6521,0.6545,0.6108,0.6215,430925669.18
2021-07-09,0.6214,0.6457,0.5917,0.6369,358836803.69
2021-07-10,0.6369,0.6489,0.612,0.6246,279711260.06
2021-07-11,0.6246,0.6449,0.6169,0.6364,201320995.42
2021-07-12,0.6363,0.6575,0.6172,0.6288,356848391.96
2021-07-13,0.6288,0.6426,0.6086,0.6192,315648113.8
2021-07-14,0.6193,0.625,0.5851,0.6197,352306488.76
2021-07-15,0.6196,0.6269,0.5874,0.5979,339655984.05
2021-07-16,0.5979,0.6211,0.5874,0.5893,282511701.89
2021-07-17,0.5893,0.5977,0.56,0.5821,263418042.14
2021-07-18,0.5822,0.6016,0.571,0.5866,241849135.65
2021-07-19,0.5867,0.5889,0.5533,0.557,294780945.07
2021-07-20,0.557,0.5699,0.5157,0.5284,393704657.61
2021-07-21,0.5284,0.584,0.5193,0.5719,493423679.61
2021-07-22,0.5718,0.6033,0.5609,0.592,409238764.36
2021-07-23,0.592,0.6101,0.5753,0.6091,359561806.43
2021-07-24,0.6092,0.6205,0.5996,0.6085,319684922.3
2021-07-25,0.6085,0.6118,0.5906,0.6069,259034501.15
2021-07-26,0.6069,0.6793,0.6048,0.6234,803413949.18
2021-07-27,0.6234,0.6528,0.6121,0.6451,427078091.95
2021-07-28,0.645,0.7549,0.6308,0.7327,1172622702.04
2021-07-29,0.7327,0.7665,0.697,0.7488,513356476.87
2021-07-30,0.7488,0.7697,0.7115,0.7521,604445794.9
2021-07-31,0.7522,0.7591,0.7367,0.746,377281828.25
2021-08-01,0.7461,0.7778,0.7042,0.7242,469477766.36
2021-08-02,0.7242,0.774,0.715,0.738,410656081.94
2021-08-03,0.738,0.745,0.7008,0.7136,398158150.61
2021-08-04,0.7136,0.7398,0.6952,0.731,330543019.03
2021-08-05,0.731,0.7389,0.701,0.7327,331894003.59
2021-08-06,0.7327,0.753,0.7219,0.7474,304988991.92
2021-08-07,0.7474,0.8189,0.7411,0.8162,589624594.72
2021-08-08,0.8163,0.8413,0.7717,0.7788,556138875.77
2021-08-09,0.7788,0.8279,0.7596,0.817,474908832.08
2021-08-10,0.8169,0.8622,0.8,0.8511,503252613.21
2021-08-11,0.8511,1.0906,0.848,1.0105,1131344973.99
2021-08-12,1.0106,1.045,0.9222,0.966,990869466.08
2021-08-13,0.9661,1.0968,0.9501,1.0901,674407528.31
2021-08-14,1.0901,1.31,1.0691,1.2791,1408060485.32
2021-08-15,1.2788,1.35,1.2252,1.2839,1155282513.71
2021-08-16,1.2838,1.3288,1.1432,1.1855,912003805.45
2021-08-17,1.1855,1.2479,1.085,1.0978,893360572.36
2021-08-18,1.098,1.1963,1.0501,1.1431,870414538.26
2021-08-19,1.143,1.2355,1.0895,1.2347,723276976.29
2021-08-20,1.2347,1.2897,1.1992,1.2629,594584554.01
2021-08-21,1.2629,1.2835,1.2,1.2158,394160040.58
2021-08-22,1.2158,1.2557,1.1776,1.226,360176161.72
2021-08-23,1.2258,1.3046,1.2024,1.2457,661403795.74
2021-08-24,1.2456,1.2658,1.1212,1.1353,637760055.93
2021-08-25,1.1353,1.1779,1.1073,1.1735,530858362.99
2021-08-26,1.1735,1.1866,1.0636,1.0712,569965192.92
2021-08-27,1.0713,1.1926,1.0501,1.1918,565739468.35
2021-08-28,1.1918,1.198,1.1329,1.1459,314618250.83
2021-08-29,1.1458,1.1683,1.112,1.1408,313294895.0
2021-08-30,1.1408,1.1488,1.0946,1.1002,364996870.0
2021-08-31,1.1005,1.2441,1.0907,1.1856,709823003.3
2021-09-01,1.1856,1.2384,1.158,1.2362,469917987.0
2021-09-02,1.2362,1.295,1.2216,1.2533,501596506.82
2021-09-03,1.2533,1.3235,1.2189,1.2907,526413570.07
2021-09-04,1.2906,1.2972,1.2352,1.2548,355870711.0
2021-09-05,1.2548,1.3125,1.2361,1.3076,335187953.0
2021-09-06,1.3075,1.4151,1.3065,1.3894,710855257.92
2021-09-07,1.3894,1.3922,0.9524,1.1292,1297978123.89
2021-09-08,1.129,1.148,1.0133,1.0998,794455994.0
2021-09-09,1.0999,1.1377,1.0619,1.0868,604426508.0
2021-09-10,1.0868,1.245,1.03,1.0552,901671116.0
2021-09-11,1.0552,1.12,1.0503,1.0787,336502704.0
2021-09-12,1.0788,1.1276,1.0576,1.1181,324049191.0
2021-09-13,1.1181,1.1266,1.025,1.0643,510682363.0
2021-09-14,1.0644,1.0978,1.0566,1.0963,275908113.0
2021-09-15,1.0962,1.13,1.0784,1.1207,289063987.0
2021-09-16,1.1207,1.13,1.0662,1.0902,302954441.0
2021-09-17,1.0903,1.1025,1.0509,1.0661,297933223.0
2021-09-18,1.0663,1.0952,1.0562,1.0751,195352031.0
2021-09-19,1.0752,1.0837,1.0383,1.0483,211015299.0
2021-09-20,1.0483,1.0497,0.8738,0.9216,837287959.74
2021-09-21,0.9216,0.9593,0.8582,0.8743,632313366.81
2021-09-22,0.874,1.0094,0.8679,1.0033,606417695.0
2021-09-23,1.0033,1.017,0.9676,1.0016,409673892.0
2021-09-24,1.0016,1.0027,0.8858,0.944,605329486.0
2021-09-25,0.9442,0.9577,0.9163,0.94,347043937.0
2021-09-26,0.9399,0.9567,0.8915,0.9436,384081774.0
2021-09-27,0.9436,0.9818,0.9194,0.9218,350234819.0
2021-09-28,0.9217,0.9431,0.8903,0.8928,313521537.0
2021-09-29,0.8928,0.9941,0.8861,0.9268,459660796.0
2021-09-30,0.9266,0.964,0.9217,0.9533,332911904.0
2021-10-01,0.9535,1.0695,0.9443,1.0422,644378881.0
2021-10-02,1.0422,1.0733,1.0079,1.0359,398398944.0
2021-10-03,1.0359,1.0884,1.021,1.0552,410176280.0
2021-10-04,1.0552,1.0596,1.0059,1.0425,416467677.0
2021-10-05,1.0429,1.088,1.038,1.0839,429469278.0
2021-10-06,1.084,1.1081,1.0171,1.0765,509214129.0
2021-10-07,1.0766,1.0942,1.0423,1.0678,410868906.0
2021-10-08,1.0677,1.0927,1.0539,1.0636,335486636.0
2021-10-09,1.0636,1.2089,1.0565,1.1604,678027224.72
2021-10-10,1.1604,1.23,1.1262,1.1352,647048690.0
2021-10-11,1.1352,1.182,1.1017,1.1364,429676031.0
2021-10-12,1.1363,1.1364,1.0634,1.1018,455399313.0
2021-10-13,1.1017,1.1387,1.075,1.1275,403291632.0
2021-10-14,1.1277,1.16,1.1174,1.1336,353714419.0
2021-10-15,1.1335,1.1656,1.0914,1.1413,573654581.0
2021-10-16,1.1415,1.1869,1.13,1.1343,339530696.0
2021-10-17,1.1343,1.1407,1.0172,1.0944,384414867.0
2021-10-18,1.0943,1.1064,1.0642,1.0827,321174243.0
2021-10-19,1.0827,1.1009,1.0661,1.0911,235324664.0
2021-10-20,1.0911,1.1529,1.0868,1.1455,346122480.0
2021-10-21,1.1451,1.164,1.0851,1.0886,442288500.0
2021-10-22,1.0885,1.1288,1.0739,1.0885,333619107.0
2021-10-23,1.0885,1.1018,1.0763,1.0934,189644449.0
2021-10-24,1.0935,1.0961,1.0522,1.0821,234286648.0
2021-10-25,1.0821,1.1034,1.0778,1.0951,218666074.0
2021-10-26,1.0951,1.1606,1.0905,1.1075,439499263.0
2021-10-27,1.1076,1.1248,0.9483,0.995,914728059.0
2021-10-28,0.9951,1.0816,0.981,1.0579,686113717.0
2021-10-29,1.058,1.0903,1.0409,1.0825,357777322.0
2021-10-30,1.0825,1.1169,1.0611,1.0846,372223050.0
2021-10-31,1.0845,1.1544,1.0689,1.1128,659007943.0
2021-11-01,1.1128,1.1321,1.069,1.0915,381430430.0
2021-11-02,1.0916,1.1468,1.0851,1.1349,398377412.0
2021-11-03,1.1348,1.2363,1.1255,1.2101,838803472.0
2021-11-04,1.21,1.2574,1.1604,1.2004,553456246.0
2021-11-05,1.2004,1.2015,1.1311,1.1581,318649692.0
2021-11-06,1.1581,1.1828,1.1,1.151,260339849.0
2021-11-07,1.1511,1.2374,1.1451,1.2198,371235010.0
2021-11-08,1.2198,1.296,1.2192,1.2815,606055941.0
2021-11-09,1.2815,1.2884,1.2245,1.2571,465127517.0
2021-11-10,1.2572,1.3493,1.1174,1.1902,932520826.0
2021-11-11,1.1902,1.2544,1.1764,1.2142,475284132.0
2021-11-12,1.2142,1.2332,1.1542,1.1883,446863355.0
2021-11-13,1.1884,1.2039,1.167,1.1892,240083101.0
2021-11-14,1.1894,1.1995,1.1675,1.1879,192023307.0
2021-11-15,1.1879,1.2198,1.1651,1.172,266793400.0
2021-11-16,1.172,1.1721,1.0418,1.0877,599544174.0
2021-11-17,1.0877,1.113,1.0588,1.0953,383487232.0
2021-11-18,1.0953,1.17,1.015,1.0406,698664651.0
2021-11-19,1.0406,1.103,1.0174,1.0892,349087574.0
2021-11-20,1.0892,1.1015,1.0594,1.0965,251779916.0
2021-11-21,1.0965,1.0974,1.0544,1.0569,228064131.0
2021-11-22,1.0571,1.071,1.0251,1.0354,307140428.0
2021-11-23,1.0354,1.0715,1.0192,1.0661,341407597.0
2021-11-24,1.0662,1.0735,1.0068,1.0326,344750680.0
2021-11-25,1.0325,1.0647,1.0215,1.0438,312211526.0
2021-11-26,1.0439,1.0467,0.9108,0.9394,659982617.0
2021-11-27,0.9392,0.9656,0.9336,0.9452,224846313.0
2021-11-28,0.9453,0.9692,0.8825,0.9687,336336729.0
2021-11-29,0.9687,1.0019,0.9631,0.9898,303393405.0
2021-11-30,0.9899,1.0304,0.97,0.9983,340017409.0
2021-12-01,0.9984,1.0173,0.9799,0.9899,250291608.0
2021-12-02,0.9898,0.9901,0.9545,0.9716,213172250.0
2021-12-03,0.9715,0.9838,0.89,0.9211,297172193.0
2021-12-04,0.9211,0.9245,0.6,0.8449,1357965897.04
2021-12-05,0.8452,0.862,0.769,0.8045,518767360.0
2021-12-06,0.8045,0.8303,0.7485,0.8255,508644255.0
2021-12-07,0.8256,0.8467,0.8042,0.8154,319504545.0
2021-12-08,0.8154,0.8844,0.8026,0.8622,415004580.0
2021-12-09,0.8623,0.9361,0.8319,0.8583,684730305.0
2021-12-10,0.8583,0.8829,0.7914,0.7992,496512579.0
2021-12-11,0.7992,0.8445,0.7844,0.8392,284945414.0
2021-12-12,0.8391,0.8572,0.8088,0.8393,224450903.0
2021-12-13,0.8394,0.8444,0.7601,0.7818,378446930.0
2021-12-14,0.782,0.8214,0.7717,0.8103,352693472.0
2021-12-15,0.8102,0.84,0.777,0.8262,354116180.0
2021-12-16,0.8262,0.8364,0.8028,0.8051,206133176.0
2021-12-17,0.8053,0.8322,0.7754,0.7966,260108143.0
2021-12-18,0.7967,0.8347,0.791,0.8262,170671362.0
2021-12-19,0.8263,0.8485,0.819,0.835,163876270.0
2021-12-20,0.835,0.915,0.8241,0.8798,555435824.0
2021-12-21,0.8799,0.961,0.8527,0.9467,471318013.0
2021-12-22,0.9466,0.9738,0.923,0.9537,401407051.0
2021-12-23,0.9538,1.0167,0.9372,0.9941,479436230.0
2021-12-24,0.9941,0.9966,0.8964,0.9115,567234092.0
2021-12-25,0.9114,0.935,0.8981,0.9252,250074945.0
2021-12-26,0.9252,0.9334,0.9052,0.92,163438501.0
2021-12-27,0.92,0.956,0.9141,0.9269,236282371.0
2021-12-28,0.9269,0.9269,0.8456,0.8515,321266081.0
2021-12-29,0.8516,0.8645,0.81,0.8171,306520880.0
2021-12-30,0.8172,0.86,0.802,0.8386,262671659.0
2021-12-31,0.8385,0.8545,0.8025,0.8297,239829934.0
2022-01-01,0.8298,0.8557,0.8297,0.8507,136976730.0
2022-01-02,0.8508,0.8667,0.8372,0.8586,129688032.0
2022-01-03,0.8586,0.8587,0.8213,0.8324,178618617.0
2022-01-04,0.8324,0.8456,0.7794,0.8228,214415744.0
2022-01-05,0.8227,0.8372,0.7092,0.7726,370612510.0
2022-01-06,0.7725,0.7909,0.7377,0.7791,307202277.0
2022-01-07,0.779,0.7808,0.7287,0.7634,372926762.0
2022-01-08,0.7634,0.7768,0.7222,0.7452,253028571.0
2022-01-09,0.7452,0.7667,0.7381,0.753,151521399.0
2022-01-10,0.753,0.7589,0.6967,0.7399,313080154.0
2022-01-11,0.7399,0.7768,0.7306,0.7703,254065075.0
2022-01-12,0.7702,0.816,0.757,0.7987,295701910.0
2022-01-13,0.7986,0.8024,0.7604,0.768,227833834.0
2022-01-14,0.7677,0.8,0.7513,0.7732,221104212.0
2022-01-15,0.7733,0.79,0.768,0.7791,138443019.0
2022-01-16,0.7791,0.7884,0.768,0.7784,125068081.0
2022-01-17,0.7785,0.7805,0.7498,0.7617,181653025.0
2022-01-18,0.7616,0.7686,0.7352,0.7509,188367099.0
2022-01-19,0.751,0.7533,0.7231,0.7381,190555142.0
2022-01-20,0.7381,0.7622,0.7161,0.7199,205931050.0
2022-01-21,0.7199,0.7285,0.6112,0.6368,612944841.0
2022-01-22,0.6368,0.6542,0.5489,0.5966,769947907.12
2022-01-23,0.5966,0.6352,0.59,0.6283,331234207.0
2022-01-24,0.6284,0.6286,0.5524,0.6118,513343471.0
2022-01-25,0.6118,0.6243,0.5872,0.618,319618429.0
2022-01-26,0.6178,0.6586,0.6047,0.6193,466864710.0
2022-01-27,0.6193,0.6247,0.5893,0.6088,292543906.0
2022-01-28,0.6089,0.614,0.5916,0.6111,221009653.0
2022-01-29,0.6112,0.6255,0.6083,0.6174,154572094.0
2022-01-30,0.6175,0.6232,0.5973,0.6013,146491081.0
2022-01-31,0.6012,0.6242,0.5803,0.6174,213749309.0
2022-02-01,0.6174,0.6308,0.6107,0.6284,174300620.0
2022-02-02,0.6284,0.6314,0.5955,0.6006,186608762.0
2022-02-03,0.6006,0.6116,0.5886,0.6102,168129675.0
2022-02-04,0.6101,0.6589,0.6044,0.6555,263927174.0
2022-02-05,0.6557,0.6869,0.65,0.6656,310296779.0
2022-02-06,0.6656,0.688,0.6589,0.6825,157303166.0
2022-02-07,0.6825,0.839,0.6712,0.8314,640917209.0
2022-02-08,0.8314,0.9142,0.8034,0.8763,1048879447.0
2022-02-09,0.8763,0.9168,0.8413,0.8697,626331950.0
2022-02-10,0.8699,0.8975,0.821,0.8253,495010890.0
2022-02-11,0.8253,0.8339,0.75,0.7591,482432190.0
2022-02-12,0.759,0.8532,0.7465,0.8223,477906804.0
2022-02-13,0.8223,0.8476,0.792,0.8057,351589704.0
2022-02-14,0.8057,0.8127,0.7791,0.8012,304006647.0
2022-02-15,0.8012,0.8599,0.7961,0.8515,279317316.0
2022-02-16,0.8514,0.8532,0.8086,0.8366,252745706.0
2022-02-17,0.8367,0.8448,0.7535,0.769,375190546.0
2022-02-18,0.7689,0.8055,0.756,0.784,417945743.0
2022-02-19,0.7841,0.8547,0.7696,0.8215,492929500.0
2022-02-20,0.8215,0.8234,0.7643,0.7769,495454770.0
2022-02-21,0.7769,0.802,0.6953,0.7018,621650777.0
2022-02-22,0.7018,0.7266,0.6686,0.7209,597541290.0
2022-02-23,0.7209,0.7441,0.6924,0.6967,438023003.0
2022-02-24,0.6967,0.7226,0.6215,0.6963,986343826.0
2022-02-25,0.6962,0.7807,0.6826,0.7699,557343038.0
2022-02-26,0.7698,0.7955,0.7403,0.7508,520451349.0
2022-02-27,0.7508,0.7677,0.7032,0.7215,441252224.0
2022-02-28,0.7216,0.7938,0.7075,0.7809,444617964.0
2022-03-01,0.7809,0.8039,0.7574,0.7839,392126769.0
2022-03-02,0.784,0.7848,0.7562,0.7687,377602100.0
2022-03-03,0.7688,0.7897,0.7336,0.7515,339295156.0
2022-03-04,0.7514,0.755,0.6942,0.7127,382831997.0
2022-03-05,0.7127,0.7693,0.7049,0.754,358200609.0
2022-03-06,0.7539,0.7589,0.7211,0.7251,304732286.0
2022-03-07,0.7252,0.7544,0.7033,0.7197,496407111.0
2022-03-08,0.7196,0.7313,0.7135,0.7207,293749434.0
2022-03-09,0.7208,0.775,0.7199,0.7658,397032109.0
2022-03-10,0.7659,0.7797,0.7215,0.7361,397850898.0
2022-03-11,0.7361,0.814,0.725,0.8029,526984782.0
2022-03-12,0.8028,0.849,0.7783,0.7857,589059126.0
2022-03-13,0.7857,0.8057,0.7508,0.7602,311279578.0
2022-03-14,0.7602,0.7779,0.745,0.7748,326606464.0
2022-03-15,0.7747,0.7768,0.7413,0.7657,243756136.0
2022-03-16,0.7658,0.7945,0.7569,0.7919,350641035.0
2022-03-17,0.7919,0.802,0.783,0.7935,264101320.0
2022-03-18,0.7936,0.8007,0.7762,0.7965,222661984.0
2022-03-19,0.7964,0.8268,0.7915,0.8194,248947590.0
2022-03-20,0.8195,0.822,0.795,0.8057,185090508.0
2022-03-21,0.8057,0.8549,0.7875,0.8373,316427663.0
2022-03-22,0.8372,0.8653,0.8273,0.8366,305184306.0
2022-03-23,0.8366,0.846,0.8171,0.8376,235024475.0
2022-03-24,0.8376,0.85,0.8272,0.8428,282122073.0
2022-03-25,0.8428,0.8459,0.8185,0.8239,214450998.0
2022-03-26,0.8239,0.8349,0.8206,0.8327,122433652.0
2022-03-27,0.8326,0.8582,0.8275,0.858,198619688.0
2022-03-28,0.8579,0.93,0.8528,0.8641,479199201.0
2022-03-29,0.864,0.8857,0.8389,0.8577,264756291.0
2022-03-30,0.8576,0.8718,0.8455,0.8613,201046259.0
2022-03-31,0.8613,0.8737,0.7794,0.8148,366939277.0
2022-04-01,0.8149,0.8343,0.807,0.8277,254001232.0
2022-04-02,0.8277,0.8499,0.8185,0.824,210041825.0
2022-04-03,0.824,0.8519,0.8143,0.8432,159520162.0
2022-04-04,0.8432,0.844,0.8041,0.826,216740017.0
2022-04-05,0.8261,0.8366,0.8145,0.8164,174779509.0
2022-04-06,0.8164,0.8184,0.7555,0.7595,348686323.0
2022-04-07,0.7594,0.7911,0.7523,0.7871,196211648.0
2022-04-08,0.787,0.7944,0.7463,0.7549,210639194.0
2022-04-09,0.755,0.7668,0.7531,0.7622,102131244.0
2022-04-10,0.7623,0.7731,0.7524,0.7543,123028708.0
2022-04-11,0.7543,0.7558,0.6802,0.6948,354459252.0
2022-04-12,0.6949,0.734,0.6924,0.7152,263088987.0
2022-04-13,0.7151,0.7252,0.7017,0.7232,217937566.0
2022-04-14,0.7232,0.7413,0.7083,0.7262,239629937.0
2022-04-15,0.7262,0.7975,0.7261,0.7858,439676502.0
2022-04-16,0.7859,0.7999,0.7658,0.7808,206493032.0
2022-04-17,0.7808,0.7861,0.7477,0.7519,188468510.0
2022-04-18,0.7519,0.7699,0.7266,0.7699,257757252.0
2022-04-19,0.7698,0.786,0.7588,0.7749,199132020.0
2022-04-20,0.7749,0.7753,0.742,0.7517,220246970.0
2022-04-21,0.7517,0.7686,0.718,0.7328,241310449.0
2022-04-22,0.7328,0.7387,0.7142,0.7179,220757625.0
2022-04-23,0.7178,0.7267,0.7023,0.7057,163036743.0
2022-04-24,0.7057,0.7119,0.6944,0.6981,144945400.0
2022-04-25,0.698,0.6998,0.6451,0.6931,399434752.0
2022-04-26,0.6931,0.7065,0.6276,0.642,355964613.0
2022-04-27,0.642,0.663,0.6361,0.6522,277994630.0
2022-04-28,0.6522,0.6577,0.6333,0.6428,242145728.0
2022-04-29,0.6428,0.6464,0.5992,0.6116,322263629.0
2022-04-30,0.6115,0.6288,0.5663,0.5845,354754733.0
2022-05-01,0.5845,0.6125,0.576,0.607,279653905.0
2022-05-02,0.607,0.6312,0.5984,0.6143,332748235.0
2022-05-03,0.6143,0.628,0.5961,0.6047,284044788.0
2022-05-04,0.6047,0.65,0.6039,0.6459,345607731.0
2022-05-05,0.646,0.6572,0.5801,0.5981,446938464.0
2022-05-06,0.5981,0.6164,0.5875,0.6022,363872112.0
2022-05-07,0.6022,0.6044,0.5692,0.5808,243420987.0
2022-05-08,0.5808,0.5833,0.5572,0.5662,335981906.0
2022-05-09,0.5663,0.5789,0.47,0.4873,841979616.33
2022-05-10,0.4872,0.5371,0.4722,0.513,900790302.0
2022-05-11,0.513,0.5253,0.3646,0.4172,1598443681.35
2022-05-12,0.4172,0.4296,0.3361,0.3856,1567507931.5
2022-05-13,0.3856,0.4659,0.3813,0.4228,698396767.0
2022-05-14,0.4229,0.441,0.3955,0.4262,442845171.0
2022-05-15,0.4262,0.45,0.4149,0.4481,267739238.0
2022-05-16,0.4481,0.4481,0.4087,0.4231,433909248.0
2022-05-17,0.4231,0.4403,0.417,0.438,376428299.0
2022-05-18,0.438,0.4428,0.4037,0.4056,370954228.0
2022-05-19,0.4056,0.4242,0.3908,0.4205,285465302.0
2022-05-20,0.4205,0.4407,0.4016,0.4101,358049438.0
2022-05-21,0.4101,0.4183,0.403,0.4145,144232225.0
2022-05-22,0.4144,0.4255,0.4101,0.4218,143783091.0
2022-05-23,0.4217,0.4287,0.4002,0.4052,301434382.0
2022-05-24,0.4052,0.4138,0.3908,0.4086,309724750.0
2022-05-25,0.4087,0.4138,0.3948,0.406,414339536.0
2022-05-26,0.4061,0.4109,0.3753,0.392,626704757.0
2022-05-27,0.3921,0.4032,0.3764,0.3819,549974246.0
2022-05-28,0.382,0.389,0.3805,0.3863,232996058.0
2022-05-29,0.3863,0.3908,0.3794,0.3891,190159222.0
2022-05-30,0.3891,0.4197,0.3866,0.4187,371239281.0
2022-05-31,0.4188,0.4342,0.4065,0.4217,422313633.0
2022-06-01,0.4217,0.4266,0.3887,0.398,436983828.0
2022-06-02,0.3981,0.4072,0.3907,0.4055,350695114.0
2022-06-03,0.4054,0.4105,0.3839,0.3904,283788604.0
2022-06-04,0.3903,0.3944,0.3846,0.3925,134031506.0
2022-06-05,0.3925,0.3995,0.3895,0.3953,134209649.0
2022-06-06,0.3954,0.4099,0.394,0.4026,253767142.0
2022-06-07,0.4027,0.4175,0.3846,0.4076,418785041.0
2022-06-08,0.4076,0.4104,0.3947,0.4006,307076296.0
2022-06-09,0.4007,0.4041,0.3965,0.4002,253775318.0
2022-06-10,0.4002,0.4118,0.3762,0.3815,399808206.0
2022-06-11,0.3815,0.3887,0.3557,0.3599,335176735.0
2022-06-12,0.3598,0.3654,0.3394,0.3433,427316144.0
2022-06-13,0.3433,0.3507,0.3012,0.3118,1028751993.07
2022-06-14,0.3117,0.3267,0.2936,0.3214,778418633.0
2022-06-15,0.3215,0.3469,0.298,0.3436,865192872.0
2022-06-16,0.3436,0.3475,0.3073,0.3132,589816543.0
2022-06-17,0.3132,0.3397,0.3105,0.321,430655102.0
2022-06-18,0.321,0.3263,0.2872,0.3075,555977925.71
2022-06-19,0.3074,0.333,0.2981,0.3264,393395495.0
2022-06-20,0.3262,0.3289,0.3135,0.3227,356161086.0
2022-06-21,0.3226,0.3374,0.3187,0.3294,379691157.0
2022-06-22,0.3294,0.3297,0.319,0.3223,315095128.0
2022-06-23,0.3223,0.3371,0.3213,0.3358,293426615.0
2022-06-24,0.3357,0.3871,0.3348,0.3672,610286919.0
2022-06-25,0.3672,0.3741,0.3542,0.3676,216676025.0
2022-06-26,0.3677,0.3751,0.3576,0.3592,194186812.0
2022-06-27,0.3591,0.3671,0.348,0.3537,274516503.0
2022-06-28,0.3537,0.3557,0.3353,0.3375,316153206.0
2022-06-29,0.3375,0.3417,0.3201,0.3296,329827694.0
2022-06-30,0.3296,0.3333,0.3056,0.3321,463148646.0
2022-07-01,0.332,0.3363,0.31,0.3139,373042743.0
2022-07-02,0.3142,0.3181,0.3089,0.3156,179482724.0
2022-07-03,0.3157,0.3258,0.3085,0.3215,194701668.0
2022-07-04,0.3216,0.33,0.3146,0.3287,276890244.0
2022-07-05,0.3287,0.331,0.3128,0.3252,332749123.0
2022-07-06,0.3252,0.334,0.32,0.3324,295359140.0
2022-07-07,0.3324,0.3456,0.3269,0.3422,261063763.0
2022-07-08,0.3423,0.359,0.3359,0.3402,383269941.0
2022-07-09,0.3403,0.3477,0.3392,0.3448,131799232.0
2022-07-10,0.3448,0.3449,0.3197,0.3255,240237163.0
2022-07-11,0.3256,0.3292,0.3108,0.3152,246538517.0
2022-07-12,0.3152,0.3182,0.3078,0.3116,234067778.0
2022-07-13,0.3117,0.326,0.302,0.3237,354463864.0
2022-07-14,0.3236,0.334,0.3122,0.3338,323459383.0
2022-07-15,0.3338,0.349,0.3273,0.3342,392883643.0
2022-07-16,0.3341,0.3565,0.3313,0.3505,271487176.0
2022-07-17,0.3504,0.3614,0.3413,0.3433,203255685.0
2022-07-18,0.3434,0.3701,0.3429,0.3653,404237689.0
2022-07-19,0.3652,0.3767,0.3515,0.3729,372635897.0
2022-07-20,0.3728,0.3817,0.3572,0.3635,329852165.0
2022-07-21,0.3635,0.3685,0.3485,0.3669,276798269.0
2022-07-22,0.3668,0.3716,0.3541,0.3578,231304449.0
2022-07-23,0.3578,0.3628,0.3498,0.3592,140472336.0
2022-07-24,0.3592,0.3667,0.3558,0.3586,154710249.0
2022-07-25,0.3585,0.3602,0.335,0.3362,250777496.0
2022-07-26,0.3362,0.3385,0.3252,0.3372,248516564.0
2022-07-27,0.3373,0.3597,0.3304,0.3594,270820690.0
2022-07-28,0.3594,0.3792,0.3489,0.3739,338381188.0
2022-07-29,0.3738,0.3799,0.3596,0.3679,276456259.0
2022-07-30,0.3679,0.4099,0.3629,0.3879,388154871.0
2022-07-31,0.388,0.3989,0.3782,0.3792,231814092.0
2022-08-01,0.3791,0.386,0.371,0.3791,215729685.0
2022-08-02,0.3791,0.3946,0.3667,0.3714,261343324.0
2022-08-03,0.3714,0.3775,0.3631,0.3695,212254602.0
2022-08-04,0.3695,0.375,0.3643,0.371,170860294.0
2022-08-05,0.371,0.3785,0.3673,0.3764,178170072.0
2022-08-06,0.3764,0.378,0.3703,0.3715,88658479.0
2022-08-07,0.3715,0.3772,0.3682,0.3722,94432362.0
2022-08-08,0.3723,0.3847,0.371,0.3787,221476216.0
2022-08-09,0.3787,0.3801,0.3606,0.3672,168358813.0
2022-08-10,0.3672,0.3815,0.3583,0.3814,218617309.0
2022-08-11,0.3814,0.386,0.377,0.3802,212303676.0
2022-08-12,0.3801,0.3806,0.3699,0.3796,169377982.0
2022-08-13,0.3797,0.3876,0.3763,0.378,122728952.0
2022-08-14,0.3779,0.3922,0.3738,0.3757,184744299.0
2022-08-15,0.3756,0.3852,0.3658,0.3751,231352894.0
2022-08-16,0.375,0.3784,0.3666,0.377,196904975.0
2022-08-17,0.377,0.3923,0.368,0.3795,333525617.0
2022-08-18,0.3796,0.3815,0.3691,0.3704,206448429.0
2022-08-19,0.3703,0.3707,0.3309,0.3344,437831008.0
2022-08-20,0.3345,0.3428,0.3321,0.3368,206218319.0
2022-08-21,0.3368,0.3485,0.3355,0.3449,185595697.0
2022-08-22,0.3448,0.3453,0.3313,0.344,259125051.0
2022-08-23,0.344,0.348,0.3326,0.3472,224844843.0
2022-08-24,0.3473,0.3525,0.3389,0.3456,190760736.0
2022-08-25,0.3456,0.3522,0.3435,0.3491,200831070.0
2022-08-26,0.3491,0.3712,0.3325,0.3393,439211758.0
2022-08-27,0.3393,0.3447,0.3283,0.3346,175871454.0
2022-08-28,0.3346,0.3373,0.3213,0.3224,148984590.0
2022-08-29,0.3223,0.3342,0.3186,0.3337,268856257.0
2022-08-30,0.3337,0.3359,0.32,0.3267,213879108.0
2022-08-31,0.3268,0.3339,0.323,0.3277,195043842.0
2022-09-01,0.3276,0.3334,0.3215,0.3331,183564987.0
2022-09-02,0.3332,0.3355,0.3253,0.3314,179601436.0
2022-09-03,0.3315,0.335,0.3265,0.3297,103317904.0
2022-09-04,0.3296,0.3328,0.3275,0.3317,95913393.0
2022-09-05,0.3318,0.3338,0.3225,0.3329,178320876.0
2022-09-06,0.3329,0.3431,0.3154,0.3212,337153895.0
2022-09-07,0.3212,0.3386,0.312,0.3369,267709589.0
2022-09-08,0.3369,0.3434,0.3282,0.3396,234589959.0
2022-09-09,0.3396,0.3597,0.3394,0.3568,334849027.0
2022-09-10,0.3568,0.3622,0.3514,0.3573,186010258.0
2022-09-11,0.3574,0.3604,0.3485,0.3552,146159090.0
2022-09-12,0.3551,0.3602,0.3478,0.3598,243143764.0
2022-09-13,0.3598,0.3603,0.3308,0.3326,364278378.0
2022-09-14,0.3326,0.3442,0.3312,0.3415,308604961.0
2022-09-15,0.3415,0.3429,0.3241,0.3261,406236125.0
2022-09-16,0.3261,0.3581,0.3216,0.3552,370003740.0
2022-09-17,0.3552,0.381,0.3464,0.3762,443007880.0
2022-09-18,0.3762,0.3981,0.3556,0.3576,680858418.0
2022-09-19,0.3578,0.3932,0.3401,0.3848,737172977.0
2022-09-20,0.3847,0.4242,0.3704,0.414,1113792429.0
2022-09-21,0.4139,0.434,0.38,0.3936,925735817.0
2022-09-22,0.3936,0.5,0.3933,0.4862,1322834928.0
2022-09-23,0.4861,0.559,0.4564,0.5069,1820625745.0
2022-09-24,0.5069,0.5195,0.4717,0.4878,711158721.0
2022-09-25,0.4879,0.5215,0.4757,0.4917,738162563.0
2022-09-26,0.4916,0.502,0.4576,0.4683,626520230.0
2022-09-27,0.4682,0.4882,0.435,0.4457,628394011.0
2022-09-28,0.4458,0.4558,0.4168,0.4489,595920283.0
2022-09-29,0.4491,0.5109,0.4266,0.4877,788666701.0
2022-09-30,0.4876,0.4992,0.4667,0.4799,683028303.0
2022-10-01,0.4799,0.4865,0.4667,0.4754,332745201.0
2022-10-02,0.4753,0.4785,0.443,0.4485,331325448.0
2022-10-03,0.4485,0.4694,0.4372,0.4621,393625435.0
2022-10-04,0.4622,0.4858,0.4515,0.4795,528294804.0
2022-10-05,0.4795,0.502,0.4716,0.4887,582675616.0
2022-10-06,0.4888,0.5063,0.4883,0.4934,412623504.0
2022-10-07,0.4934,0.5339,0.48,0.5177,523500800.0
2022-10-08,0.5177,0.5292,0.5111,0.517,340783746.0
2022-10-09,0.5171,0.549,0.506,0.5325,366379188.0
2022-10-10,0.5325,0.538,0.4927,0.4939,519737735.0
2022-10-11,0.4939,0.5025,0.4768,0.4861,445279743.0
2022-10-12,0.486,0.496,0.482,0.4881,245221984.0
2022-10-13,0.4881,0.4898,0.4401,0.4791,601751609.0
2022-10-14,0.4791,0.5125,0.4782,0.4883,457259209.0
2022-10-15,0.4882,0.49,0.4774,0.4818,155163123.0
2022-10-16,0.4818,0.4876,0.468,0.4766,220894101.0
2022-10-17,0.4765,0.4825,0.4627,0.4804,266511552.0
2022-10-18,0.4804,0.4843,0.4571,0.4658,289689721.0
2022-10-19,0.4657,0.4667,0.4471,0.4504,330327507.0
2022-10-20,0.4504,0.4646,0.4224,0.4465,396744045.0
2022-10-21,0.4465,0.4617,0.4336,0.4614,362000551.0
2022-10-22,0.4613,0.4708,0.4561,0.4653,168922503.0
2022-10-23,0.4653,0.4726,0.4518,0.4688,201619037.0
2022-10-24,0.4688,0.473,0.4478,0.4529,269189993.0
2022-10-25,0.453,0.4728,0.4434,0.4605,350361399.0
2022-10-26,0.4606,0.4715,0.4562,0.4689,308800077.0
2022-10-27,0.4689,0.4824,0.4584,0.4615,386147200.0
2022-10-28,0.4615,0.4755,0.4564,0.4744,258511622.0
2022-10-29,0.4743,0.4837,0.4657,0.4701,284375501.0
2022-10-30,0.4702,0.4735,0.4537,0.4582,182831402.0
2022-10-31,0.4582,0.4674,0.4476,0.4641,291632134.0
2022-11-01,0.464,0.467,0.4543,0.4636,272552886.0
2022-11-02,0.4635,0.4659,0.4451,0.4497,305327596.0
2022-11-03,0.4498,0.4598,0.4487,0.4548,221405589.0
2022-11-04,0.4548,0.5078,0.4532,0.5064,561979429.0
2022-11-05,0.5063,0.51,0.489,0.493,199360700.0
2022-11-06,0.493,0.4947,0.468,0.4709,163125807.0
2022-11-07,0.4708,0.48,0.4585,0.4648,325333918.0
2022-11-08,0.4647,0.4669,0.3355,0.4059,978082649.0
2022-11-09,0.4059,0.411,0.316,0.3331,908074197.0
2022-11-10,0.3332,0.403,0.3301,0.3942,815070852.0
2022-11-11,0.3942,0.3991,0.3661,0.3843,477945830.0
2022-11-12,0.3843,0.3846,0.3592,0.3636,254821436.0
2022-11-13,0.3635,0.3694,0.3325,0.3408,334510449.0
2022-11-14,0.3409,0.3796,0.321,0.3776,693547037.0
2022-11-15,0.3775,0.3977,0.3668,0.3888,541305225.0
2022-11-16,0.3887,0.3915,0.3614,0.3752,363276410.0
2022-11-17,0.3751,0.3873,0.3691,0.3819,413772413.0
2022-11-18,0.3819,0.3878,0.3733,0.3829,292591109.0
2022-11-19,0.3829,0.3886,0.3752,0.3841,145313373.0
2022-11-20,0.3842,0.3969,0.3585,0.3608,308373842.0
2022-11-21,0.3608,0.369,0.3457,0.3645,591706474.0
2022-11-22,0.3645,0.3784,0.3513,0.3757,464705247.0
2022-11-23,0.3758,0.3824,0.3682,0.3815,354058802.0
2022-11-24,0.3816,0.405,0.3742,0.4018,454087891.0
2022-11-25,0.4018,0.4019,0.3922,0.3923,35228003.0
